asin	title	subtitle	extended_product_description	authors	narrators	series_title	series_sequence	genres	runtime_length_min	is_finished	percent_complete	rating	num_ratings	date_added	release_date	cover_url	purchase_date
0008312869	The 5 AM Club	Own Your Morning. Elevate Your Life.		Robin Sharma	Adam Verner			Business & Careers, Career Success, Health & Wellness, Physical Illness & Disease, Relationships, Parenting & Personal Development, Personal Development, Personal Success	664	True	0.0	4.3	1044	2021-08-14T10:27:03.199Z	2018-12-06	https://m.media-amazon.com/images/I/41EzPx5T5bL._SL500_.jpg	2021-08-14T10:27:03.199Z
0063097796	Influence, New and Expanded	The Psychology of Persuasion		Robert B. Cialdini	Robert B. Cialdini			Business & Careers, Marketing & Sales, Consumer Behavior & Market Research, Business & Careers, Career Success, Motivation & Self-Improvement, Relationships, Parenting & Personal Development, Personal Development, Personal Success	1243	True	96.0	4.7	2602	2023-11-19T09:31:22.034Z	2021-05-04	https://m.media-amazon.com/images/I/51BnAdZmzuS._SL500_.jpg	2023-11-19T09:31:22.034Z
0593150422	Mindset	The New Psychology of Success		Carol S. Dweck	Bernadette Dunne			Business & Careers, Career Success, Health & Wellness, Psychology & Mental Health, Psychology, Social Psychology & Interactions, Relationships, Parenting & Personal Development, Personal Development, Personal Success	623	True	99.0	4.6	8147	2026-04-02T05:15:11.164Z	2019-02-19	https://m.media-amazon.com/images/I/41ENTiGcWcL._SL500_.jpg	2026-04-02T05:15:11.164Z
0593216245	The Ruthless Elimination of Hurry	How to Stay Emotionally Healthy and Spiritually Alive in the Chaos of the Modern World		John Mark Comer, John Ortberg - introduction	John Mark Comer, Kris Koscheski			Business & Careers, Career Success, Motivation & Self-Improvement, Relationships, Parenting & Personal Development, Personal Development, Religion & Spirituality, Christianity, Christian Living, Spiritual Growth, Religion & Spirituality, Christianity, Ministry & Evangelism, Discipleship	320	True	99.0	4.8	9700	2025-06-03T09:35:34.609Z	2019-11-26	https://m.media-amazon.com/images/I/21yQBZzlkSL._SL500_.jpg	2025-06-03T09:35:34.609Z
0593294181	Greenlights			Matthew McConaughey	Matthew McConaughey			Biographies & Memoirs, Entertainment & Celebrities, Relationships, Parenting & Personal Development, Personal Development, Personal Success	411	True	0.0	4.8	185860	2022-07-16T15:28:39.675Z	2020-10-20	https://m.media-amazon.com/images/I/51m+AA2gNaL._SL500_.jpg	2022-07-16T15:28:39.675Z
0593409469	Unwinding Anxiety	New Science Shows How to Break the Cycles of Worry and Fear to Heal Your Mind		Judson Brewer MD PhD	Judson Brewer MD PhD			Health & Wellness, Psychology & Mental Health, Mental Health, Anxiety Disorders, Health & Wellness, Psychology & Mental Health, Psychology, Relationships, Parenting & Personal Development, Personal Development	440	False	0.0	4.6	1486	2023-01-17T15:08:57.848Z	2021-03-09	https://m.media-amazon.com/images/I/417wGJ00RTL._SL500_.jpg	2023-01-17T15:08:57.848Z
1250818974	Surrounded by Setbacks	Turning Obstacles into Success (When Everything Goes to Hell) [The Surrounded by Idiots Series]		Thomas Erikson	James Macnaughton	The Surrounded by Idiots Series		Business & Careers, Management & Leadership, Leadership, Business & Careers, Career Success, Relationships, Parenting & Personal Development, Personal Development, Personal Success	552	True	99.0	4.6	70	2024-04-23T08:13:32.720Z	2021-11-02	https://m.media-amazon.com/images/I/41XEpGZNxcL._SL500_.jpg	2024-04-23T08:13:32.720Z
1405544759	Hold Me Tight	Your Guide to the Most Successful Approach to Building Loving Relationships		Dr Sue Johnson	Helen Keeley			Relationships, Parenting & Personal Development, Personal Development, Relationships, Parenting & Personal Development, Relationships, Love, Dating & Attraction, Relationships, Parenting & Personal Development, Relationships, Marriage & Long-Term Partnerships	526	True	0.0	4.6	51	2020-03-31T08:15:16.091Z	2020-02-13	https://m.media-amazon.com/images/I/41KT2jN-W4L._SL500_.jpg	2020-03-31T08:15:16.091Z
1473597919	Slinging Arrows	How (Not) to Be a Professional Darts Player		Wayne Mardle	Wayne Mardle			Biographies & Memoirs, Sports	433	True	99.0	4.8	15	2026-02-26T18:00:11.345Z	2021-05-20	https://m.media-amazon.com/images/I/51e2sUdH-tS._SL500_.jpg	2026-02-26T18:00:11.345Z
1524779261	Atomic Habits	An Easy & Proven Way to Build Good Habits & Break Bad Ones		James Clear	James Clear			Business & Careers, Workplace & Organizational Behavior, Organizational Behavior, Health & Wellness, Psychology & Mental Health, Psychology, Social Psychology & Interactions, Relationships, Parenting & Personal Development, Personal Development, Personal Success	335	True	100.0	4.8	148434	2019-08-29T09:04:00.672Z	2018-10-16	https://m.media-amazon.com/images/I/513Y5o-DYtL._SL500_.jpg	2019-08-29T09:04:00.672Z
153849115X	Eat That Frog!			Brian Tracy	Brian Tracy			Business & Careers, Management & Leadership, Management, Business & Careers, Career Success, Motivation & Self-Improvement, Business & Careers, Career Success	157	True	100.0	4.7	1918	2019-10-03T06:28:16.394Z	2018-08-24	https://m.media-amazon.com/images/I/51N38zCWljL._SL500_.jpg	2019-10-03T06:28:16.394Z
1797111620	Unleash the Power Within	Personal Coaching to Transform Your Life!		Tony Robbins	Tony Robbins			Business & Careers, Career Success, Relationships, Parenting & Personal Development, Personal Development, Personal Success	376	False	79.0	4.8	4374	2021-12-08T11:22:28.512Z	2020-03-17	https://m.media-amazon.com/images/I/51vk6MFQTyL._SL500_.jpg	2021-12-08T11:22:28.512Z
179971876X	Andersen's Fairy Tales (AmazonClassics Edition)			Hans Christian Andersen	Nicola Barber			Children's Audiobooks, Fairy Tales, Folk Tales & Myths, Children's Audiobooks, Literature & Fiction, Classics	360	True	100.0	4.6	30	2021-03-31T07:47:52.917Z	2019-09-10	https://m.media-amazon.com/images/I/41ONiBTDX5L._SL500_.jpg	2021-03-31T07:47:52.917Z
1978676581	Robinson Crusoe (AmazonClassics Edition)			Daniel Defoe	Steve West			Literature & Fiction, Action & Adventure, Classics, Literature & Fiction, Classics, Literature & Fiction, Genre Fiction, Literary Fiction	1306	True	9.0	4.4	51	2025-08-26T09:31:23.696Z	2019-06-04	https://m.media-amazon.com/images/I/41yp6I1EkRL._SL500_.jpg	2025-08-26T09:31:23.696Z
B002UUKIR8	The Total Money Makeover	A Proven Plan for Financial Fitness		Dave Ramsey	Dave Ramsey			Business & Careers, Career Success, Education & Learning, Education, Money & Finance, Personal Finance, Money Management & Budgeting, Money & Finance, Personal Finance, Money Management & Budgeting, Religion & Spirituality, Christianity, Christian Living	221	True	100.0	4.7	44978	2018-01-17T13:22:30.405Z	2003-11-07	https://m.media-amazon.com/images/I/514Lrz665EL._SL500_.jpg	2018-01-17T13:22:30.405Z
B002UZJQXA	The Road Less Traveled	A New Psychology of Love, Values, and Spiritual Growth, 25th Anniversary Edition		M. Scott Peck	M. Scott Peck			Health & Wellness, Psychology & Mental Health, Mental Health, Anxiety Disorders, Health & Wellness, Psychology & Mental Health, Psychology, Relationships, Parenting & Personal Development, Personal Development, Personal Success, Relationships, Parenting & Personal Development, Personal Development, Stress Management, Religion & Spirituality	263	False	52.0	4.5	4917	2026-05-17T09:48:52.972Z	2002-10-25	https://m.media-amazon.com/images/I/51o6lkizbML._SL500_.jpg	2026-05-17T09:48:52.972Z
B002UZKPVW	James Earl Jones Reads The Bible: King James Version			Topics Media Group	James Earl Jones			Religion & Spirituality, Christianity, Bibles & Bible Study, Bible Study, Commentaries, Religion & Spirituality, Christianity, Bibles & Bible Study, Bible Study, New Testament, Religion & Spirituality, Christianity, Bibles & Bible Study, Bibles, Religion & Spirituality, Christianity, Ministry & Evangelism	1035	False	59.0	4.6	2153	2021-09-22T21:58:48.864Z	2003-12-04	https://m.media-amazon.com/images/I/51sxhKL81NL._SL500_.jpg	2021-09-22T21:58:48.864Z
B002UZL2D2	The Little Prince			Antoine de Saint-Exupéry, Richard Howard - translator	Humphrey Bower			Children's Audiobooks, Literature & Fiction, Classics	119	True	99.0	4.6	4425	2025-07-03T08:40:25.343Z	2009-03-27	https://m.media-amazon.com/images/I/51-MlKnv+iL._SL500_.jpg	2025-07-03T08:40:25.343Z
B002UZYY5K	Unlimited Power			Tony Robbins	Tony Robbins			Business & Careers, Career Success, Relationships, Parenting & Personal Development, Personal Development, Personal Success	50	True	100.0	4.4	4842	2021-12-08T10:18:49.159Z	2007-02-12	https://m.media-amazon.com/images/I/51wbIdr-NRL._SL500_.jpg	2021-12-08T10:18:49.159Z
B002V0GGFK	The Five Love Languages: The Secret to Love That Lasts			Gary Chapman	Gary Chapman			Relationships, Parenting & Personal Development, Relationships, Love, Dating & Attraction, Relationships, Parenting & Personal Development, Relationships, Marriage & Long-Term Partnerships, Religion & Spirituality, Christianity, Christian Living, Family, Religion & Spirituality, Christianity, Christian Living, Marriage & Relationships	286	False	0.0	4.8	43395	2024-12-02T10:17:52.123Z	2004-12-26	https://m.media-amazon.com/images/I/51S9NFlyKWL._SL500_.jpg	2024-12-02T10:17:52.123Z
B002V0JUY4	Selected Just So Stories			Rudyard Kipling	Johnny Morris			Children's Audiobooks, Animals & Nature, Animals, Children's Audiobooks, Literature & Fiction, Animal Fiction, Children's Audiobooks, Literature & Fiction, Classics, Children's Audiobooks, Literature & Fiction, Humorous Fiction	187	True	100.0	4.4	273	2021-02-15T09:58:22.000Z	2009-06-30	https://m.media-amazon.com/images/I/61iP73HftPL._SL500_.jpg	2021-02-15T09:58:22.000Z
B002V0PN36	The Power of Now	A Guide to Spiritual Enlightenment		Eckhart Tolle	Eckhart Tolle			Relationships, Parenting & Personal Development, Personal Development, Religion & Spirituality, Spirituality, Meditation	457	True	0.0	4.7	41172	2022-11-06T12:30:49.573Z	2000-12-31	https://m.media-amazon.com/images/I/41PvuQY91TL._SL500_.jpg	2022-11-06T12:30:49.573Z
B002V0Q4LG	The Alchemist	A Fable About Following Your Dream		Paulo Coelho	Jeremy Irons			Literature & Fiction, Classics, Literature & Fiction, Genre Fiction, Literary Fiction, Literature & Fiction, Genre Fiction, Metaphysical & Visionary, Relationships, Parenting & Personal Development, Personal Development	240	True	0.0	4.7	85855	2022-11-16T05:27:55.450Z	2004-12-26	https://m.media-amazon.com/images/I/510a46Y-G9L._SL500_.jpg	2022-11-16T05:27:55.450Z
B002V1NIMI	All Marketers Are Liars	The Power of Telling Authentic Stories in a Low-Trust World		Seth Godin	Seth Godin			Business & Careers, Marketing & Sales, Marketing	257	True	10.0	4.4	2108	2018-08-05T11:08:03.279Z	2005-05-25	https://m.media-amazon.com/images/I/418GjpdLW1L._SL500_.jpg	2018-08-05T11:08:03.279Z
B002V1OHGE	Awaken the Giant Within			Tony Robbins	Tony Robbins			Business & Careers, Career Success, Motivation & Self-Improvement, Relationships, Parenting & Personal Development, Personal Development, Personal Success	91	True	98.0	4.6	17850	2021-12-08T08:35:07.714Z	2007-02-12	https://m.media-amazon.com/images/I/51Rf1XDVkNL._SL500_.jpg	2021-12-08T08:35:07.714Z
B002V1OJ3A	How to Stop Worrying and Start Living	Time-Tested Methods for Conquering Worry		Dale Carnegie, Donna Dale Carnegie - introduction	Robert Petkoff			Health & Wellness, Psychology & Mental Health, Psychology, Money & Finance, Personal Finance, Relationships, Parenting & Personal Development, Personal Development, Creativity, Relationships, Parenting & Personal Development, Personal Development, Stress Management, Relationships, Parenting & Personal Development, Relationships	635	True	100.0	4.7	7933	2023-05-19T09:43:03.172Z	2007-01-30	https://m.media-amazon.com/images/I/41f9k4x7S3L._SL500_.jpg	2023-05-19T09:43:03.172Z
B002V5BV96	How to Win Friends & Influence People			Dale Carnegie	Andrew Macmillan, Andrew Macmillian			Business & Careers, Management & Leadership, Leadership, Health & Wellness, Psychology & Mental Health, Psychology, Relationships, Parenting & Personal Development, Personal Development, Communication & Social Skills, Relationships, Parenting & Personal Development, Relationships, Friendship	435	True	99.0	4.7	101801	2023-05-16T11:17:11.284Z	2004-09-16	https://m.media-amazon.com/images/I/51VX25vAb-L._SL500_.jpg	2023-05-16T11:17:11.284Z
B002V5D950	Think and Grow Rich			Napoleon Hill, Mitch Horowitz, Theresa Puskar	Erik Synnestvedt			Business & Careers, Management & Leadership, Leadership, Business & Careers, Career Success, Motivation & Self-Improvement, Relationships, Parenting & Personal Development, Personal Development, Personal Success	575	False	8.0	4.6	32829	2021-09-10T11:20:53.542Z	2007-10-16	https://m.media-amazon.com/images/I/61atv8Q26iL._SL500_.jpg	2021-09-10T11:20:53.542Z
B002V5GN4Y	The Secret			Rhonda Byrne	Rhonda Byrne	The Secret		Relationships, Parenting & Personal Development, Personal Development, Personal Success, Religion & Spirituality, Occult	264	True	99.0	4.6	30628	2025-06-18T12:08:48.188Z	2006-11-28	https://m.media-amazon.com/images/I/51Iu74EQyML._SL500_.jpg	2025-06-18T12:08:48.188Z
B002V5HAL4	The 7 Habits of Highly Effective People	Powerful Lessons in Personal Change		Stephen R. Covey	Stephen R. Covey			Business & Careers, Management & Leadership, Leadership, Business & Careers, Management & Leadership, Management, Business & Careers, Business Development & Entrepreneurship, Entrepreneurship, Business & Careers, Workplace & Organizational Behavior, Organizational Behavior, Relationships, Parenting & Personal Development, Personal Development, Personal Success	784	True	0.0	4.6	40312	2017-10-30T13:02:08.021Z	2004-10-01	https://m.media-amazon.com/images/I/51OuvCFwyZL._SL500_.jpg	2017-10-30T13:02:08.021Z
B002V8HK3E	The Power of Positive Thinking	A Practical Guide to Mastering the Problems of Everyday Living		Dr. Norman Vincent Peale	Dr. Norman Vincent Peale			Relationships, Parenting & Personal Development, Personal Development, Personal Success, Religion & Spirituality, Christianity, Christian Living, Spiritual Growth	226	True	100.0	4.6	9266	2019-02-22T15:30:48.539Z	2008-10-31	https://m.media-amazon.com/images/I/41CcfSSABeL._SL500_.jpg	2019-02-22T15:30:48.539Z
B002VA3GJO	The Four Agreements			don Miguel Ruiz	Peter Coyote			Relationships, Parenting & Personal Development, Personal Development, Personal Success, Religion & Spirituality, Other Religions, Practices & Sacred Texts	151	True	100.0	4.8	61892	2021-08-31T23:04:41.082Z	2005-01-27	https://m.media-amazon.com/images/I/61bzSxyLLlL._SL500_.jpg	2021-08-31T23:04:41.082Z
B002VA9U0S	Emotional Intelligence	Why It Can Matter More Than IQ		Daniel Goleman Ph.D.	Barrett Whitener			Health & Wellness, Psychology & Mental Health, Psychology, Relationships, Parenting & Personal Development, Personal Development, Emotions, Relationships, Parenting & Personal Development, Personal Development, Personal Success	812	False	0.0	4.2	3768	2024-10-02T09:19:30.488Z	2003-03-01	https://m.media-amazon.com/images/I/51eYN7dRy2L._SL500_.jpg	2024-10-02T09:19:30.488Z
B003IEQE1Y	Anne Frank: The Diary of a Young Girl	The Definitive Edition		Anne Frank	Selma Blair			Biographies & Memoirs, Historical, Children's Audiobooks, History, Military & Wars, History, Military, Wars & Conflicts, World War II, History, Modern, 20th Century, Teen & Young Adult, History & Culture	595	True	99.0	4.8	7634	2025-08-05T14:30:03.043Z	2010-05-25	https://m.media-amazon.com/images/I/51FeSmUzbRL._SL500_.jpg	2025-08-05T14:30:03.043Z
B003M8CICK	No Excuses!	The Power of Self-Discipline for Success in Your Life		Brian Tracy	Brian Tracy			Business & Careers, Career Success, Motivation & Self-Improvement, Relationships, Parenting & Personal Development, Personal Development, Personal Success	411	True	2.0	4.6	6572	2019-11-15T08:16:01.481Z	2010-05-17	https://m.media-amazon.com/images/I/51xAaZH4fTL._SL500_.jpg	2019-11-15T08:16:01.481Z
B003YM0QJQ	The Paradox of Choice	Why More is Less		Barry Schwartz	Ken Kliban			Business & Careers, Career Success, Motivation & Self-Improvement, Health & Wellness, Psychology & Mental Health, Psychology, Politics & Social Sciences, Anthropology, Politics & Social Sciences, Social Sciences	422	True	0.0	4.2	1897	2018-04-09T09:11:01.933Z	2010-09-07	https://m.media-amazon.com/images/I/41rJvsNboFL._SL500_.jpg	2018-04-09T09:11:01.933Z
B004CNGLYA	The 4-Hour Body	An Uncommon Guide to Rapid Fat-Loss, Incredible Sex, and Becoming Superhuman		Timothy Ferriss	Zach McLarty			Health & Wellness, Fitness, Diet & Nutrition, Diets, Nutrition & Healthy Eating, Weight Loss & Weight Control, Health & Wellness, Fitness, Diet & Nutrition, Exercise & Fitness, Health & Wellness, Hygiene & Healthy Living	231	False	0.0	4.2	6418	2024-07-26T09:40:48.948Z	2010-12-14	https://m.media-amazon.com/images/I/51DzQS8OpnL._SL500_.jpg	2024-07-26T09:40:48.948Z
B004E8G6IE	Still Procrastinating	The No Regrets Guide to Getting It Done		Joseph Ferrari	Richard Ferrone, Joseph Ferrari			Relationships, Parenting & Personal Development, Personal Development, Personal Success, Relationships, Parenting & Personal Development, Personal Development, Time Management	442	True	23.0	3.5	93	2018-12-14T14:00:44.652Z	2010-11-30	https://m.media-amazon.com/images/I/41Cfn4M7AOL._SL500_.jpg	2018-12-14T14:00:44.652Z
B0051QF7L0	Outwitting the Devil	The Secret to Freedom and Success		Napoleon Hill, Sharon L. Lechter - editor, Mark Victor Hansen - foreword	Dan John Miller, Phil Gigante			Business & Careers, Career Success, Motivation & Self-Improvement, Relationships, Parenting & Personal Development, Personal Development, Personal Success	351	False	100.0	4.8	14821	2023-05-07T11:38:53.815Z	2011-06-07	https://m.media-amazon.com/images/I/51mVg0vm3+L._SL500_.jpg	2023-05-07T11:38:53.815Z
B006K4GN56	You Are Not So Smart	Why You Have Too Many Friends on Facebook, Why Your Memory Is Mostly Fiction, and 46 Other Ways You're Deluding Yourself		David McRaney	Don Hagen			Health & Wellness, Psychology & Mental Health, Psychology, Politics & Social Sciences, Philosophy, Consciousness & Thought, Politics & Social Sciences, Philosophy, Relationships, Parenting & Personal Development, Personal Development, Comedy & Humor	504	True	7.0	4.3	4355	2018-07-05T18:37:00.636Z	2011-12-09	https://m.media-amazon.com/images/I/512uf60gabL._SL500_.jpg	2018-07-05T18:37:00.636Z
B0071N6EFY	The Simple Guide to a Minimalist Life			Leo Babauta	Fred Stella			Relationships, Parenting & Personal Development, Personal Development, Personal Success, Relationships, Parenting & Personal Development, Personal Development, Stress Management, Relationships, Parenting & Personal Development, Personal Development, Time Management	117	False	80.0	4.3	286	2017-09-21T07:30:27.904Z	2012-02-07	https://m.media-amazon.com/images/I/419lKqjt7wL._SL500_.jpg	2017-09-21T07:30:27.904Z
B007C64916	The Power of Habit	Why We Do What We Do in Life and Business		Charles Duhigg	Mike Chamberlain			Business & Careers, Workplace & Organizational Behavior, Organizational Behavior, Health & Wellness, Psychology & Mental Health, Psychology, Relationships, Parenting & Personal Development, Personal Development, Personal Success	670	True	100.0	4.5	68548	2018-02-26T10:05:45.474Z	2012-02-28	https://m.media-amazon.com/images/I/419JOHNFGdL._SL500_.jpg	2018-02-26T10:05:45.474Z
B008BT3C1Q	Rich Dad Poor Dad	What the Rich Teach Their Kids About Money - That the Poor and Middle Class Do Not!		Robert T. Kiyosaki	Tim Wheeler	Rich Dad Series		Money & Finance, Personal Finance	369	True	100.0	4.8	78903	2019-12-16T13:49:14.991Z	2012-06-15	https://m.media-amazon.com/images/I/51AHZGhzZEL._SL500_.jpg	2019-12-16T13:49:14.991Z
B0090N2NK8	The 15 Invaluable Laws of Growth (10th Anniversary Edition)	Live Them and Reach Your Potential		John C. Maxwell	John C. Maxwell			Business & Careers, Management & Leadership, Leadership, Business & Careers, Career Success, Motivation & Self-Improvement, Relationships, Parenting & Personal Development, Personal Development, Personal Success	466	True	42.0	4.8	5585	2021-08-24T21:43:03.509Z	2012-10-02	https://m.media-amazon.com/images/I/41E9yB51c9L._SL500_.jpg	2021-08-24T21:43:03.509Z
B00DDVQQLA	Practicing Mindfulness: An Introduction to Meditation			Mark W. Muesse, The Great Courses	Mark W. Muesse	The Great Courses: Better Living		Health & Wellness, Alternative & Complementary Medicine, Meditation, Relationships, Parenting & Personal Development, Personal Development, Stress Management	749	False	25.0	4.4	4737	2019-12-20T09:35:46.126Z	2013-07-08	https://m.media-amazon.com/images/I/51RtCay+NDL._SL500_.jpg	2019-12-20T09:35:46.126Z
B00EZAXAF8	The Brothers Karamazov [Naxos AudioBooks Edition]			Constance Garnett - translator, Fyodor Dostoevsky	Constantine Gregory			Literature & Fiction, Classics, Literature & Fiction, Genre Fiction, Literary Fiction, Literature & Fiction, Genre Fiction, War & Military	2224	True	0.0	4.6	5892	2021-02-16T14:47:30.954Z	2012-12-30	https://m.media-amazon.com/images/I/51DpA-g11JL._SL500_.jpg	2021-02-16T14:47:30.954Z
B00HZNTRE0	Hooked: How to Build Habit-Forming Products			Nir Eyal, Ryan Hoover	Nir Eyal			Business & Careers, Marketing & Sales, Consumer Behavior & Market Research	280	True	100.0	4.4	4769	2018-06-26T10:03:43.580Z	2014-01-22	https://m.media-amazon.com/images/I/51o-DT4Z33L._SL500_.jpg	2018-06-26T10:03:43.580Z
B00IFG88SM	The Goal	A Process of Ongoing Improvement - 30th Anniversary Edition		Eliyahu M. Goldratt, Jeff Cox	uncredited			Business & Careers, Management & Leadership, Management, Business & Careers, Marketing & Sales, Marketing, Business & Careers, Workplace & Organizational Behavior, Organizational Behavior, Literature & Fiction, Genre Fiction, Literary Fiction	705	True	87.0	4.7	6367	2021-02-08T11:14:32.669Z	2014-03-18	https://m.media-amazon.com/images/I/51h1jhqTiZL._SL500_.jpg	2021-02-08T11:14:32.669Z
B00N973JB8	The Leap	The Science of Trust and Why It Matters		Ulrich Boser	Jeff Cummings			Business & Careers, Career Success, Business & Careers, Workplace & Organizational Behavior, Business Ethics, Business & Careers, Workplace & Organizational Behavior, Workplace Culture, Health & Wellness, Psychology & Mental Health, Psychology, Social Psychology & Interactions, Money & Finance, Economics, Politics & Social Sciences, Philosophy, Society, Politics & Social Sciences, Politics & Government, Political Science, Politics & Social Sciences, Social Sciences, Politics & Social Sciences, Sociology	347	True	99.0	3.9	56	2026-05-07T15:06:32.754Z	2014-09-16	https://m.media-amazon.com/images/I/41oTZMjL3oL._SL500_.jpg	2026-05-07T15:06:32.754Z
B00OPB09R4	MONEY Master the Game	7 Simple Steps to Financial Freedom		Tony Robbins	Tony Robbins, Jeremy Bobb			Money & Finance, Personal Finance, Relationships, Parenting & Personal Development, Personal Development, Personal Success	451	False	62.0	4.5	783	2021-12-10T11:05:18.095Z	2014-11-18	https://m.media-amazon.com/images/I/61PJaGI--ZL._SL500_.jpg	2021-12-10T11:05:18.095Z
B00URXOQ1E	The Art of War			Sun Tzu	Aidan Gillen			Business & Careers, Management & Leadership, Leadership, Business & Careers, Career Success, Motivation & Self-Improvement, History, Asia, Central Asia, History, Military, Military Science, History, World, Literature & Fiction, Classics, Politics & Social Sciences, Law, Politics & Social Sciences, Philosophy, Eastern, Relationships, Parenting & Personal Development, Personal Development	67	True	100.0	4.6	43574	2024-02-19T10:32:57.000Z	2015-03-31	https://m.media-amazon.com/images/I/51EE3GAdmfL._SL500_.jpg	2024-02-19T10:32:57.000Z
B00WFIDKWU	People Over Profit	Break the System, Live with Purpose, Be More Successful		Dale Partridge	Dale Partridge			Business & Careers, Management & Leadership, Leadership, Business & Careers, Business Development & Entrepreneurship, Business & Careers, Workplace & Organizational Behavior, Business Ethics, Business & Careers, Workplace & Organizational Behavior, Workplace Culture	185	True	100.0	4.4	594	2019-02-07T14:57:34.025Z	2015-05-05	https://m.media-amazon.com/images/I/41V8K5lgEDL._SL500_.jpg	2019-02-07T14:57:34.025Z
B00WYDJ2YQ	48 Laws of Power			Robert Greene	Richard Poe			Biographies & Memoirs, Historical, Business & Careers, Management & Leadership, Leadership, History, World, Politics & Social Sciences, Philosophy, Ethics & Morality, Politics & Social Sciences, Politics & Government, Political Science, History & Theory	1386	False	60.0	4.6	26179	2024-11-29T09:19:02.485Z	2015-05-01	https://m.media-amazon.com/images/I/41dTDMW9IhL._SL500_.jpg	2024-11-29T09:19:02.485Z
B017V4WD66	Strong Fathers, Strong Daughters			Meg Meeker	Coleen Marlo			Relationships, Parenting & Personal Development, Parenting & Families, Fatherhood, Relationships, Parenting & Personal Development, Relationships	424	True	98.0	4.5	3484	2019-03-07T14:01:25.745Z	2016-01-05	https://m.media-amazon.com/images/I/41h7u1bfNaL._SL500_.jpg	2019-03-07T14:01:25.745Z
B01B6WSMHI	Getting Things Done	The Art of Stress-Free Productivity		David Allen	David Allen			Business & Careers, Career Success, Relationships, Parenting & Personal Development, Personal Development, Personal Success	623	True	100.0	4.6	6386	2017-09-30T16:10:26.315Z	2016-02-23	https://m.media-amazon.com/images/I/51bGhYfO9KL._SL500_.jpg	2017-09-30T16:10:26.315Z
B01CF5O89G	Never Split the Difference	Negotiating as if Your Life Depended on It		Chris Voss, Tahl Raz	Michael Kramer			Business & Careers, Management & Leadership, Negotiating, Business & Careers, Career Success, Business & Careers, Business Development & Entrepreneurship, Relationships, Parenting & Personal Development, Personal Development, Communication & Social Skills	487	True	100.0	4.8	66233	2018-08-16T15:34:05.170Z	2016-05-17	https://m.media-amazon.com/images/I/51gx6VN0-UL._SL500_.jpg	2018-08-16T15:34:05.170Z
B01I28NFEE	The Subtle Art of Not Giving a F*ck	A Counterintuitive Approach to Living a Good Life		Mark Manson	Roger Wayne			Relationships, Parenting & Personal Development, Personal Development, Personal Success	317	True	0.0	4.5	177684	2018-01-17T13:23:50.517Z	2016-09-13	https://m.media-amazon.com/images/I/51MT0MbpD7L._SL500_.jpg	2018-01-17T13:23:50.517Z
B01INNOW6I	Master Your Time, Master Your Life	The Breakthrough System to Get More Results, Faster, in Every Area of Your Life		Brian Tracy	Brian Tracy			Business & Careers, Career Success, Relationships, Parenting & Personal Development, Personal Development, Personal Success, Relationships, Parenting & Personal Development, Personal Development, Time Management	242	True	100.0	4.6	658	2021-02-15T07:07:47.327Z	2016-10-11	https://m.media-amazon.com/images/I/51OpOf-ZLvL._SL500_.jpg	2021-02-15T07:07:47.327Z
B01KWAPBHE	Influence	The Psychology of Persuasion		Robert B. Cialdini	George Newbern			Business & Careers, Marketing & Sales, Consumer Behavior & Market Research, Health & Wellness, Psychology & Mental Health, Psychology, Relationships, Parenting & Personal Development, Personal Development, Personal Success	606	True	0.0	4.6	12110	2018-05-27T06:45:10.488Z	2016-10-11	https://m.media-amazon.com/images/I/51K-iHvDHNL._SL500_.jpg	2018-05-27T06:45:10.488Z
B01LZNGDIW	The Greatest Salesman in the World			Og Mandino	Mark Bramhall	The Greatest Salesman in the World	1	Business & Careers, Marketing & Sales, Sales & Selling, Business & Careers, Career Success, Motivation & Self-Improvement, Relationships, Parenting & Personal Development, Personal Development, Personal Success, Religion & Spirituality, Christianity, Christian Living, Spiritual Growth	153	True	99.0	4.8	6292	2023-10-19T21:24:01.295Z	2016-11-01	https://m.media-amazon.com/images/I/41fyTlvKKYL._SL500_.jpg	2023-10-19T21:24:01.295Z
B01M03NLJY	The Life-Changing Magic of Tidying	A Simple, Effective Way to Banish Clutter Forever		Marie Kondo	Lucy Scott	The Life Changing Magic of Tidying Up	1	Home & Garden, House & Home, Relationships, Parenting & Personal Development, Personal Development, Personal Success, Relationships, Parenting & Personal Development, Personal Development, Stress Management	279	True	8.0	4.6	813	2019-11-09T10:30:55.433Z	2016-09-22	https://m.media-amazon.com/images/I/41WQg5FgWOL._SL500_.jpg	2019-11-09T10:30:55.433Z
B01M3ROQI8	Essential	Essays by the Minimalists		Joshua Fields Millburn, Ryan Nicodemus	Justin Malik			Literature & Fiction, Essays, Relationships, Parenting & Personal Development, Personal Development, Personal Success	356	True	13.0	4.6	811	2017-09-25T08:17:31.742Z	2016-10-21	https://m.media-amazon.com/images/I/51gENngZYDL._SL500_.jpg	2017-09-25T08:17:31.742Z
B01MS9MONB	The Proven Path from Blank Page to 10,000 Copies Sold			Chandler Bolt	Chandler Bolt			Business & Careers, Career Success, Relationships, Parenting & Personal Development, Personal Development, Creativity	363	True	100.0	4.8	245	2023-03-09T12:10:36.529Z	2017-01-24	https://m.media-amazon.com/images/I/41jKZD317xL._SL500_.jpg	2023-03-09T12:10:36.529Z
B01MUE1V9L	Everything That Remains	A Memoir by the Minimalists		Joshua Fields Millburn, Ryan Nicodemus	Justin Malik			Biographies & Memoirs, Relationships, Parenting & Personal Development, Personal Development, Personal Success	325	True	2.0	4.5	1802	2017-09-04T09:13:30.389Z	2017-01-26	https://m.media-amazon.com/images/I/41AHUznC3fL._SL500_.jpg	2017-09-04T09:13:30.389Z
B01N3YYP7Y	Minimalism	Live a Meaningful Life, Second Edition		Ryan Nicodemus, Joshua Fields Millburn	Justin Malik			Relationships, Parenting & Personal Development, Personal Development, Personal Success	159	True	12.0	4.3	1687	2017-08-31T07:28:13.740Z	2016-11-16	https://m.media-amazon.com/images/I/51FDr+k-SXL._SL500_.jpg	2017-08-31T07:28:13.740Z
B01NCBI3RC	F.U. Money	Make As Much Money As You Damn Well Want And Live Your LIfe As You Damn Well Please!		Dan Lok	Dan Lok			Business & Careers, Money & Finance, Personal Finance, Relationships, Parenting & Personal Development, Personal Development, Personal Success	290	True	91.0	4.6	2154	2023-03-22T19:17:38.000Z	2016-11-22	https://m.media-amazon.com/images/I/51ISUvfUnwS._SL500_.jpg	2023-03-22T19:17:38.000Z
B06VX22V89	The 5 Second Rule	Transform your Life, Work, and Confidence with Everyday Courage		Mel Robbins	Mel Robbins			Relationships, Parenting & Personal Development, Personal Development, Personal Success	455	True	0.0	4.7	53637	2018-03-28T07:06:31.375Z	2017-02-22	https://m.media-amazon.com/images/I/51dc79x8jsL._SL500_.jpg	2018-03-28T07:06:31.375Z
B06XTY6F43	The Richest Man in Babylon	Original 1926 Edition		George S. Clason, Charles Conrad	Charles Conrad			Business & Careers, Career Success, History, World, Money & Finance, Personal Finance	222	True	0.0	4.8	1349	2022-08-08T11:23:35.563Z	2017-03-28	https://m.media-amazon.com/images/I/510k1FTrM5L._SL500_.jpg	2022-08-08T11:23:35.563Z
B0731R4RFX	Unfu*k Yourself	Get Out of Your Head and into Your Life		Gary John Bishop	Gary John Bishop	Unfu*k Yourself		Relationships, Parenting & Personal Development, Personal Development, Personal Success	204	False	58.0	4.7	87702	2018-06-26T10:02:43.602Z	2017-08-01	https://m.media-amazon.com/images/I/41BG2bzbGyL._SL500_.jpg	2018-06-26T10:02:43.602Z
B074GC24SW	The Keto Reset Diet	Reboot Your Metabolism in 21 Days and Burn Fat Forever		Mark Sisson, Brad Kearns	Brad Kearns			Health & Wellness, Fitness, Diet & Nutrition, Diets, Nutrition & Healthy Eating, Health & Wellness, Fitness, Diet & Nutrition, Diets, Nutrition & Healthy Eating, Health & Wellness, Fitness, Diet & Nutrition, Diets, Nutrition & Healthy Eating, Weight Loss & Weight Control	501	True	100.0	4.6	1372	2018-06-15T09:44:31.010Z	2017-10-03	https://m.media-amazon.com/images/I/51wKkewBeDL._SL500_.jpg	2018-06-15T09:44:31.010Z
B074VDVHZ5	Start with Why	How Great Leaders Inspire Everyone to Take Action		Simon Sinek	Simon Sinek			Business & Careers, Management & Leadership, Leadership, Business & Careers, Management & Leadership, Management, Business & Careers, Career Success, Motivation & Self-Improvement, Business & Careers, Business Development & Entrepreneurship, Entrepreneurship	438	True	0.0	4.7	27832	2021-07-29T11:41:35.249Z	2017-09-05	https://m.media-amazon.com/images/I/51Zuy0g7l+L._SL500_.jpg	2021-07-29T11:41:35.249Z
B0759VCSCV	Ikigai	The Japanese Secret to a Long and Happy Life		Héctor García, Francesc Miralles	Naoko Mori			Politics & Social Sciences, Philosophy, Eastern, Relationships, Parenting & Personal Development, Personal Development, Personal Success, Relationships, Parenting & Personal Development, Personal Development, Self-Esteem, Relationships, Parenting & Personal Development, Personal Development, Stress Management	203	False	0.0	4.4	622	2021-06-14T09:46:25.360Z	2017-09-18	https://m.media-amazon.com/images/I/415Zt8yu3oL._SL500_.jpg	2021-06-14T09:46:25.360Z
B075DHDVKF	Power of TED*	*The Empowerment Dynamic: 10th Anniversary Edition		David Emerald	Ryan Sitzberger			Business & Careers, Career Success, Motivation & Self-Improvement, Literature & Fiction, Poetry	185	True	100.0	4.6	628	2019-05-15T06:42:21.584Z	2017-08-30	https://m.media-amazon.com/images/I/51Zl5RuzXDL._SL500_.jpg	2019-05-15T06:42:21.584Z
B075ZGCXKB	In an Unspoken Voice	How the Body Releases Trauma and Restores Goodness		Peter A. Levine Ph.D., Gabor Maté - introduction MD	Ed Nash			Health & Wellness, Psychology & Mental Health, Mental Health, Health & Wellness, Psychology & Mental Health, Psychology, Relationships, Parenting & Personal Development, Personal Development, Personal Success	729	False	56.0	4.6	581	2020-04-19T09:39:40.139Z	2017-09-28	https://m.media-amazon.com/images/I/51QPc-uC8LL._SL500_.jpg	2020-04-19T09:39:40.139Z
B076BXLDVP	High Performance Habits	How Extraordinary People Become That Way		Brendon Burchard	Brendon Burchard			Business & Careers, Career Success, Money & Finance, Personal Finance, Relationships, Parenting & Personal Development, Personal Development, Personal Success, Relationships, Parenting & Personal Development, Personal Development, Stress Management	635	False	0.0	4.6	7704	2023-03-06T04:13:16.922Z	2017-10-10	https://m.media-amazon.com/images/I/41xArfhy1DL._SL500_.jpg	2023-03-06T04:13:16.922Z
B077XMJTL2	Why We Sleep	The New Science of Sleep and Dreams		Matthew Walker	John Sackville			Health & Wellness, Physical Illness & Disease, Health & Wellness, Psychology & Mental Health, Psychology, Science & Engineering, Science, Biological Sciences	811	True	100.0	4.8	882	2019-05-12T10:52:56.561Z	2017-12-07	https://m.media-amazon.com/images/I/41+Gyr3XsvS._SL500_.jpg	2019-05-12T10:52:56.561Z
B0785WX584	Gather ‘Round the Sound	Holiday Stories from Beloved Authors and Great Performers Across the Globe		Paulo Coelho, Yvonne Morrison, Charles Dickens	Angele Masters, Daniel Frances Berenson, Magda Szubanski, Simon Callow, Dan Starkey, John Banks, Vern			Literature & Fiction, Genre Fiction, Contemporary Fiction	72	False	76.0	3.2	6948	2017-12-11T19:06:14.814Z	2017-12-08	https://m.media-amazon.com/images/I/519bexV7O-L._SL500_.jpg	2017-12-11T19:06:14.814Z
B0797YBP7N	12 Rules for Life	An Antidote to Chaos		Jordan B. Peterson, Ethan Van Sciver, Norman Doidge - introduction M.D.	Jordan B. Peterson	12 Rules for Life		Health & Wellness, Psychology & Mental Health, Psychology, Politics & Social Sciences, Philosophy, Ethics & Morality, Politics & Social Sciences, Philosophy, Society, Relationships, Parenting & Personal Development, Personal Development, Personal Success	940	True	100.0	4.6	92983	2018-09-14T05:56:20.548Z	2018-01-23	https://m.media-amazon.com/images/I/412oEiiCeML._SL500_.jpg	2018-09-14T05:56:20.548Z
B07B6FZ9DP	How to Be Heard	Secrets for Powerful Speaking and Listening		Julian Treasure	Julian Treasure			Business & Careers, Marketing & Sales, Sales & Selling, Business & Careers, Career Success, Relationships, Parenting & Personal Development, Personal Development, Communication & Social Skills, Relationships, Parenting & Personal Development, Personal Development, Personal Success	749	False	28.0	4.3	258	2020-09-17T07:36:38.000Z	2018-03-09	https://m.media-amazon.com/images/I/41aB7Ww3jdL._SL500_.jpg	2020-09-17T07:36:38.000Z
B07BTCBF7G	Trading in the Zone	Master the Market with Confidence, Discipline, and a Winning Attitude		Mark Douglas	Kaleo Griffith			Business & Careers, Business Development & Entrepreneurship, Money & Finance, Investing & Trading, Stocks, Money & Finance, Personal Finance	477	True	100.0	4.8	6008	2022-01-09T12:03:17.553Z	2018-04-24	https://m.media-amazon.com/images/I/41QIJV2mnDL._SL500_.jpg	2022-01-09T12:03:17.553Z
B07CRPMLC8	The Arabian Nights (AmazonClassics Edition)			Andrew Lang	Neil Shah			Literature & Fiction, Classics, Science Fiction & Fantasy, Fantasy, Fairy Tales	682	True	99.0	4.1	269	2025-08-09T06:06:57.284Z	2018-05-01	https://m.media-amazon.com/images/I/41tPMgA6fCL._SL500_.jpg	2025-08-09T06:06:57.284Z
B07DKVMMRZ	The Laws of Human Nature			Robert Greene	Paul Michael, Robert Greene			Business & Careers, Career Success, Motivation & Self-Improvement, Health & Wellness, Psychology & Mental Health, Psychology, Social Psychology & Interactions, Relationships, Parenting & Personal Development, Personal Development, Personal Success	1706	True	100.0	4.8	15289	2020-02-08T17:46:10.047Z	2018-10-23	https://m.media-amazon.com/images/I/41Hy7Gn-2IL._SL500_.jpg	2020-02-08T17:46:10.047Z
B07DW8N4HF	Lose Well			Chris Gethard	Chris Gethard			Biographies & Memoirs, Relationships, Parenting & Personal Development, Personal Development, Personal Success, Religion & Spirituality, Comedy & Humor	570	True	5.0	4.4	394	2019-03-07T14:01:25.745Z	2018-10-16	https://m.media-amazon.com/images/I/51dewX7CoeL._SL500_.jpg	2019-03-07T14:01:25.745Z
B07F77R461	Who Moved My Cheese?	An A-Mazing Way to Deal with Change in Your Work and in Your Life		Spencer Johnson, Kenneth Blanchard - introduction	Tony Roberts, Karen Ziemba			Business & Careers, Workplace & Organizational Behavior, Workplace Culture, Relationships, Parenting & Personal Development, Personal Development, Personal Success, Relationships, Parenting & Personal Development, Personal Development, Stress Management	99	True	99.0	4.8	7681	2025-07-02T11:48:24.469Z	2018-07-24	https://m.media-amazon.com/images/I/41yxyrzpvuL._SL500_.jpg	2025-07-02T11:48:24.469Z
B07KKMNZCH	Can't Hurt Me	Master Your Mind and Defy the Odds		David Goggins	David Goggins, Adam Skolnick			Relationships, Parenting & Personal Development, Personal Development, Personal Success	817	True	100.0	4.9	207300	2021-04-20T11:06:56.809Z	2018-11-28	https://m.media-amazon.com/images/I/51TNypSYkoL._SL500_.jpg	2021-04-20T11:06:56.809Z
B07MDDDZFP	Millionaire Success Habits	The Gateway to Wealth & Prosperity		Dean Graziosi	Dean Graziosi			Business & Careers, Career Success, Business & Careers, Business Development & Entrepreneurship, Entrepreneurship, Relationships, Parenting & Personal Development, Personal Development, Personal Success	493	True	100.0	4.7	1684	2021-07-16T08:30:52.121Z	2019-01-15	https://m.media-amazon.com/images/I/5134MtFd+oL._SL500_.jpg	2021-07-16T08:30:52.121Z
B07NQTB8L7	Ikigai & Kaizen	The Japanese Strategy to Achieve Personal Happiness and Professional Success (How to set goals, stop procrastinating, be more productive, build good habits, focus, & thrive)		Anthony Raymond	KC Wayman			Business & Careers, Career Success, Motivation & Self-Improvement, Relationships, Parenting & Personal Development, Personal Development, Personal Success	300	True	0.0	4.6	325	2021-06-26T15:37:09.883Z	2019-02-18	https://m.media-amazon.com/images/I/51huVy8T3vL._SL500_.jpg	2021-06-26T15:37:09.883Z
B07SFKHBD2	The Minimalist Way	Minimalism Strategies to Declutter Your Life and Make Room for Joy		Erica Layne	Suehyla El-Attar			Health & Wellness, Psychology & Mental Health, Mental Health, Compulsive Disorders, Relationships, Parenting & Personal Development, Personal Development, Personal Success	240	True	100.0	4.4	2285	2020-01-07T17:59:04.425Z	2019-07-16	https://m.media-amazon.com/images/I/51jl0naOloL._SL500_.jpg	2020-01-07T17:59:04.425Z
B082VK6Q8G	Tools of Titans	The Tactics, Routines, and Habits of Billionaires, Icons, and World-Class Performers		Tim Ferriss	Ray Porter, Kaleo Griffith, Tim Ferriss, Therese Plummer, Ryan Holiday, Kevin Rose, Jocko Willink, Tim Kreider, Mike Del Ponte			Business & Careers, Career Success, Motivation & Self-Improvement, Health & Wellness, Psychology & Mental Health, Psychology, Developmental Psychology, Relationships, Parenting & Personal Development, Personal Development, Personal Success	1361	True	100.0	4.7	4058	2020-07-03T08:02:35.422Z	2020-06-02	https://m.media-amazon.com/images/I/51xVXCYXeGL._SL500_.jpg	2020-07-03T08:02:35.422Z
B082VK89T8	Tribe of Mentors	Short Life Advice from the Best in the World		Tim Ferriss	Kaleo Griffith, Ray Porter, Tim Ferriss, Therese Plummer			Business & Careers, Career Success, Motivation & Self-Improvement, Relationships, Parenting & Personal Development, Personal Development, Personal Success	1123	False	81.0	4.7	1479	2023-06-06T21:26:38.682Z	2020-06-02	https://m.media-amazon.com/images/I/51Rljvd98xL._SL500_.jpg	2023-06-06T21:26:38.682Z
B0868ZFF7X	Breaking the Habit of Being Yourself			Joe Dispenza	Adam Boyce			Relationships, Parenting & Personal Development, Personal Development, Personal Success, Religion & Spirituality, Spirituality, New Thought	649	False	73.0	4.7	5934	2024-08-03T07:42:16.785Z	2020-03-26	https://m.media-amazon.com/images/I/51RRcIBg93L._SL500_.jpg	2024-08-03T07:42:16.785Z
B08MGR62TL	Letters from a Stoic (All 124 Letters)			Seneca	John Winston			Literature & Fiction, Memoirs, Diaries & Correspondence, Politics & Social Sciences, Philosophy, Greek & Roman, Politics & Social Sciences, Philosophy	1537	False	20.0	4.9	7	2024-05-13T06:06:17.313Z	2020-11-04	https://m.media-amazon.com/images/I/51FglDbZ18L._SL500_.jpg	2024-05-13T06:06:17.313Z
B08NQ2CDCJ	The Underdog Advantage	Rewrite Your Future by Turning Your Disadvantages into Your Superpowers		Dean Graziosi	Dean Graziosi			Business & Careers, Management & Leadership, Leadership	208	True	0.0	4.8	250	2022-05-19T07:41:17.444Z	2020-11-17	https://m.media-amazon.com/images/I/510RApBmFkL._SL500_.jpg	2022-05-19T07:41:17.444Z
B08QNKZXZ9	A Theory of Human Motivation			Abraham H. Maslow	Troy W. Hudson			Health & Wellness, Psychology & Mental Health, Psychology, Psychotherapy	59	True	0.0	4.5	123	2022-09-05T15:55:35.345Z	2020-12-15	https://m.media-amazon.com/images/I/51pQ-HfqTsL._SL500_.jpg	2022-09-05T15:55:35.345Z
B09DTM7NYG	Life Force	How New Breakthroughs in Precision Medicine Can Transform the Quality of Your Life & Those You Love		Tony Robbins, Peter H. Diamandis, Robert Hariri	Jeremy Bobb, Tony Robbins, Peter H. Diamandis, Ray Kurzweil, Cassandra Campbell			Health & Wellness, Aging & Longevity, Health & Wellness, Hygiene & Healthy Living, Politics & Social Sciences, Sociology, Relationships, Parenting & Personal Development, Personal Development, Personal Success	1370	False	25.0	4.7	2884	2022-02-16T13:44:12.684Z	2022-02-08	https://m.media-amazon.com/images/I/51xBwcFv8jL._SL500_.jpg	2022-02-16T13:44:12.684Z
B09JXTM5G3	How Are You, Really?	Living Your Truth One Answer at a Time		Jenna Kutcher	Jenna Kutcher			Business & Careers, Marketing & Sales, Marketing, Relationships, Parenting & Personal Development, Personal Development, Personal Success	547	True	0.0	4.6	666	2022-06-28T07:01:42.775Z	2022-06-28	https://m.media-amazon.com/images/I/41L6rmjw1cL._SL500_.jpg	2022-06-28T07:01:42.775Z
B09XJ4SH4D	The Power of One More	The Ultimate Guide to Happiness and Success		Ed Mylett	Ed Mylett			Business & Careers, Management & Leadership, Mentoring & Coaching, Business & Careers, Career Success, Motivation & Self-Improvement, Relationships, Parenting & Personal Development, Personal Development, Personal Success	319	False	0.0	4.8	6826	2022-07-05T07:05:34.928Z	2022-07-05	https://m.media-amazon.com/images/I/413Oyid90JL._SL500_.jpg	2022-07-05T07:05:34.928Z
B0B9FDP91V	Winning the Week	How to Plan a Successful Week, Every Week		Carey Bentley, Demir Bentley	Demir Bentley			Relationships, Parenting & Personal Development, Personal Development, Personal Success, Relationships, Parenting & Personal Development, Personal Development, Time Management	320	True	99.0	4.7	82	2023-11-08T08:34:01.738Z	2022-08-11	https://m.media-amazon.com/images/I/41DQQ31ADEL._SL500_.jpg	2023-11-08T08:34:01.738Z
B0B9YQSJ25	The Worthy Mind	Transform Your Mindset. Strengthen Self-Worth.		Meadow DeVor	Meadow DeVor			Business & Careers, Career Success, Motivation & Self-Improvement, Relationships, Parenting & Personal Development, Personal Development, Personal Success	314	False	0.0	4.4	378	2023-06-06T09:43:13.000Z	2022-11-17	https://m.media-amazon.com/images/I/41lAmqjD2ML._SL500_.jpg	2023-06-06T09:43:13.000Z
B0CV4C27HC	We Who Wrestle with God	Perceptions of the Divine		Jordan B. Peterson	Jordan B. Peterson			Health & Wellness, Psychology & Mental Health, Psychology, Relationships, Parenting & Personal Development, Personal Development, Personal Success, Religion & Spirituality, Christianity, Bibles & Bible Study, Bible Study, Meditations, Religion & Spirituality, Christianity, Bibles & Bible Study, Bible Study, Old Testament, Religion & Spirituality, Judaism	1513	False	2.0	4.6	1204	2025-05-05T12:52:29.646Z	2024-11-19	https://m.media-amazon.com/images/I/41bqnVIOnSL._SL500_.jpg	2025-05-05T12:52:29.646Z
B0DDV38S83	All About Darts	The ultimate guide to the world's greatest sport		Russ Bray	Russ Bray			Sports & Outdoors, Sports History	241	True	99.0	5.0	1	2026-01-30T10:40:56.776Z	2024-11-07	https://m.media-amazon.com/images/I/51Zj3su13dL._SL500_.jpg	2026-01-30T10:40:56.776Z
B0DHJ42H6Z	Don't Believe Everything You Think (Expanded Edition)	Why Your Thinking Is The Beginning & End Of Suffering		Joseph Nguyen	Joseph Nguyen			Health & Wellness, Psychology & Mental Health, Mental Health, Anxiety Disorders, Relationships, Parenting & Personal Development, Personal Development, Personal Success, Relationships, Parenting & Personal Development, Personal Development, Self-Esteem	156	True	99.0	4.5	1963	2025-10-03T05:35:17.997Z	2024-10-29	https://m.media-amazon.com/images/I/51zQOlIfX5L._SL500_.jpg	2025-10-03T05:35:17.997Z
